#,Vendor Name,Country,AI Category,Seg Tags,Germany Presence,Company Type,F&B AI Use Case,Top Germany F&B Customers,Funding,Est. Revenue,Maturity,Top Deployment Evidence,Website
2,GEA Group AG,Germany,Food Processing Machinery + AI Services,"1,2,9,10,13",LOCAL HQ — Düsseldorf,Incumbent,"CIP AI, Dairy Line AI, Beverage AI, IQF AI","Müller Dairy, Arla Germany, PHW Group, Eckes-Granini",Public (MDAX),€5.3B,4 — Mature,"Müller Dairy smart dairy (CIP water –22%, pred. maintenance)",gea.com
4,Marel,Iceland,"Meat, Poultry & Fish Processing AI",2,REGIONAL HQ — Hamburg (Germany),Incumbent,"Vision Portioning AI, Traceability AI, Yield AI","PHW Group (Wiesenhof), Vion Food DE, Bell Food DE","Public (Nasdaq Iceland, merged JBT 2024)",€1.9B,4 — Mature,"PHW Group poultry AI line (vision cutting, traceability 100%)",marel.com
9,Bizerba SE & Co KG,Germany,"Weighing, Labelling & Traceability AI","2,4,7,8",LOCAL HQ — Balingen (Baden-Württemberg),Incumbent,"Traceability AI, Label AI, Weigh-Price AI","Tönnies, Vion Food, REWE, German retail food",Private (family),€900M+,3 — Scaling,Tönnies post-restructuring traceability AI (IFS compliance restored),bizerba.com
10,Inspectra AG,Germany,NIR Spectral AI for Food Quality,"1,2,3,10,11,12,13,14",LOCAL HQ — Karlsruhe (Baden-Württemberg),"NewCo (Fraunhofer spin-off, Series A signalled)","NIR Quality AI, Food Fraud AI, Ingredient QA","German dairy cooperatives, flour mills, ingredient companies",Private SME,€10–30M,3 — Scaling,"German dairy coops (milk composition NIR), Kampffmeyer (grain NIR)",inspectra.de
12,Controlant,Iceland,Cold Chain IoT AI,"1,2,6,7,9,11",EUROPEAN PRESENCE — Munich area office,"NewCo (Series A, $35M)","Cold Chain Monitoring AI, IoT Temperature AI","Müller Dairy, Frosta AG, German pharma cold chain",Series A ($35M),$15M+,3 — Scaling,"Müller Dairy (cold chain AI, excursions –58%), Frosta distribution",controlant.com
16,Endress+Hauser,Switzerland,Process Analytics & IoT AI,"1,2,9,10,13,14",REGIONAL HQ — Weil am Rhein (Germany),"Incumbent (Private, family)","Process Analytics AI, CIP Monitoring AI, Quality Sensors","Südzucker, Müller Dairy, Eckes-Granini, GEA (partner)",Private,€3.7B,4 — Mature,"Müller Dairy (CIP analytics), Eckes-Granini (energy+water AI)",endress.com
17,AspenTech (Emerson),USA,Process Optimisation AI (MPC),"1,9,10,12,13,14",EUROPEAN PRESENCE — Frankfurt am Main office,Incumbent (Emerson subsidiary),"MPC AI, Yield Optimisation, Digital Twin, Energy AI","Südzucker, Nordzucker, Evonik (amino acids)",Emerson subsidiary,$700M+,4 — Mature,"Südzucker (sugar process AI), Evonik (amino acid fermentation AI)",aspentech.com
18,Aveva (Schneider Electric),UK,Digital Twin & Process Analytics,"1,9,10,13",EUROPEAN PRESENCE — Frankfurt am Main office,Incumbent (Schneider subsidiary),"Digital Twin, AVEVA PI System AI, SCADA AI","Nordzucker, Südzucker, German ingredient processors",Schneider subsidiary,$1.5B+,4 — Mature,"Nordzucker (digital twin), Südzucker (energy AI — Siemens+AVEVA)",aveva.com
21,Tetra Pak,Sweden,Dairy & Beverage Smart Factory AI,"1,9",EUROPEAN PRESENCE — Frankfurt office,Incumbent (Private),"Smart Dairy AI, Connected Packaging AI, Cold Chain AI","Müller Dairy, Arla Germany, German juice processors",Private,SEK 90B+,4 — Mature,Müller Dairy connected dairy factory (Plant Secure AI),tetrapak.com
22,Seeq Corporation,USA,Time-Series Process Analytics,"1,9,10,12,13",GLOBAL PRESENCE — German partner network,"NewCo (Series D, $115M)","Process Analytics AI, Self-Serve Analytics AI",German F&B process industry via SI partners,Series D ($115M),$80M+,3 — Scaling,German ingredient and beverage processing (via SI partners),seeq.com
27,Oritain,New Zealand,Food Provenance AI (Isotope Analytics),"1,2,3,10,11,13,14",EUROPEAN PRESENCE — Amsterdam (serves Germany),"NewCo (Series B, $30M)","Food Fraud Detection AI, Geographic Origin Verification","German retailers, dairy processors, meat exporters",Series B ($30M),$15M+,3 — Scaling,German retailer private label food fraud detection pilots,oritain.com
34,Bosch Rexroth AG,Germany,Automation & Cobot AI,"2,4,5,7,8",LOCAL HQ — Stuttgart (Baden-Württemberg),Incumbent (Bosch Group subsidiary),"Cobot AI, Automation AI, Production Line AI","Haribo, Bahlsen, German food packaging producers",Part of Bosch Group,€6.4B (Rexroth),4 — Mature,"German food packaging automation (Haribo, Bahlsen robots)",boschrexroth.com
36,FOSS Analytics,Denmark,NIR Food Analysis AI,"1,3,9,11,12,13",EUROPEAN PRESENCE — Hamburg area office,Incumbent (Private),"Grain Quality AI, Dairy Composition AI, Beverage Quality AI","Kampffmeyer DE, German dairy producers, grain traders",Private,€300–600M,4 — Mature,"German flour mills (grain NIR), German dairy (milk composition AI)",foss.dk
38,TOMRA,Norway,Sensor-Based Produce Sorting AI,"2,3,5,6",EUROPEAN PRESENCE — German office,Incumbent (Oslo SE),"Produce Sorting AI, Protein Sorting AI, Waste Reduction AI","German potato processors, fruit/veg sorters",Public (Oslo SE),NOK 12B,4 — Mature,"German potato chip sorting AI, produce grading lines",tomra.com
46,Aryballe,France,Digital Olfaction AI,"1,9,11,14",EUROPEAN PRESENCE — Munich area,"NewCo (Series C, €35M)","Smell Sensor AI, Quality by Olfaction, Flavour AI","Givaudan DE, Henkel (adjacent), ingredient companies",Series C ~€35M,€10M+,2 — Pilot,"Givaudan DE flavour verification pilot, dairy aroma QA pilot",aryballe.com
47,Bürkert Fluid Control,Germany,Fluid Control & Process AI,"1,9,10",LOCAL HQ — Ingelfingen (Baden-Württemberg),Incumbent (Private),"Flow Control AI, CIP Analytics, Process Monitoring AI","German dairy, brewery, beverage processors",Private,€700M+,3 — Scaling,German brewery process AI (flow and CIP monitoring),burkert.com
51,Tastewise,Israel,Consumer Food Intelligence AI,"9,4,14,15","EUROPEAN PRESENCE — EU active, serves Germany","NewCo (Series B, $17M+)","Consumer Trend AI, Menu Intelligence AI, Product Concept AI","German ingredient companies, beverage brands",Series B ($17M+),$10M+,2 — Pilot,German ingredient company R&D trend intelligence,tastewise.io
53,Yokogawa Electric,Japan,Advanced Process Control AI,"1,9,10,12,13",EUROPEAN PRESENCE — Ratingen office (Germany),Incumbent (Tokyo SE),"APC AI, OpreX Process AI, DCS with ML",German sugar/ingredient/beverage processors,Public (Tokyo SE),¥400B,4 — Mature,German sugar and ingredient process AI (via SI partners),yokogawa.com
55,Picnic Technologies,Netherlands,AI-Native Grocery Demand & Route AI,"9,1,4,6",EUROPEAN PRESENCE — NRW Germany operations,"NewCo (Series D, €600M+)","Grocery Demand AI, Route AI, Ultra-Fresh AI",German NRW consumers (B2C) + supplier partnerships,Series D (€600M+),Scaling,3 — Scaling,NRW Germany grocery AI deployment,picnic.app
59,Rügenwalder Mühle,Germany,Plant-Based AI Innovation Leader,"2,15",LOCAL HQ — Bad Zwischenahn (Lower Saxony),"Incumbent (Private, family — AI user not vendor)","Plant-Based Extrusion AI, Demand AI (internal user)","N/A (manufacturer, not AI vendor)",Private,€250M,2 — Pilot,Germany's leading plant-based AI deployment case,ruegenwalder.de
60,testo SE & Co KGaA,Germany,Food Safety Sensor & AI Monitoring,"2,4,5",LOCAL HQ — Titisee-Neustadt (Baden-Württemberg),Incumbent (Private),"Frying Oil Quality AI, HACCP IoT Monitoring AI","German snack/crisp producers, bakeries, food retail",Private,€350M+,3 — Scaling,"German snack producers (frying oil AI), food service HACCP",testo.com
82,Fero Labs,Germany / USA,Process Quality AI (Zero-Waste Manufacturing),"1,9,10,13,14",REGIONAL HQ — Berlin (Germany),"NewCo (Series A, $10M)","Real-time process quality AI, yield optimisation, zero-waste ML",German chemical and ingredient processors (F&B crossover),Series A ($10M),$5M+,2 — Pilot,German process industry quality AI pilots (ingredient + beverage sector),ferolabs.com
103,NotCo,Chile / USA,GenAI Food Formulation (Giuseppe AI),"15,4,1","GLOBAL PRESENCE — US-HQ, EU expansion","NewCo (Series D, $235M)",Giuseppe GenAI for food product formulation and meat/dairy analogue design,Global F&B companies using AI food formulation (Nestlé partnership),Series D ($235M),$50M+,2 — Pilot,Nestlé partnership using NotCo Giuseppe AI for plant-based products,notco.com
117,Lineage Logistics (AI Division),USA,Cold Storage & Warehouse AI,"1,2,6,9",EUROPEAN PRESENCE — EU cold storage network includes Germany,"NewCo (IPO 2024, world's largest cold storage)","Cold storage AI, automated temperature AI, inventory AI for cold chain",German food companies using Lineage cold storage network,IPO 2024 (NASDAQ),$5B+,4 — Mature,European cold storage AI network (Lineage Logistics Germany warehouse operations),lineagelogistics.com
120,ABB Robotics,Switzerland,Industrial Robotics & Cobot AI,"2,4,5,6,7,8",REGIONAL HQ — Mannheim (Germany),"Incumbent (NYSE listed, ABB Group)","Cobot AI, vision-guided robot AI, food handling robot AI, packaging robots","German F&B packaging automation (Bahlsen, Haribo-adjacent, Intersnack)","Public (NYSE, part of ABB Group)",Part of ABB $32B,4 — Mature,German food packaging robot AI deployments (confectionery and packaged food),abb.com/robotics
121,KUKA AG,Germany,Industrial Robotics & AI Automation,"2,4,5,7,8",LOCAL HQ — Augsburg (Bavaria),Incumbent (Midea Group subsidiary),"Food-grade robot AI, KUKA.AI platform, human-robot collaboration AI","German food manufacturers (Bosch Rexroth competitor; confectionery, meat)",Midea Group subsidiary,€3.8B,4 — Mature,German food packaging and production robot AI deployments,kuka.com
123,Stäubli Robotics,Switzerland,Hygienic Robotics AI for Food,"1,2,4","REGIONAL HQ — Bayreuth (Bavaria, Germany)","Incumbent (Private, Swiss)","Food-grade hygienic robot AI, clean-room robotics, dairy/meat robot AI",German dairy and meat processors needing hygienic robot automation,Private,CHF 500M+,3 — Scaling,German dairy and meat hygienic robot AI deployments (EHEDG-compliant robots),staubli.com/robotics
124,Kawasaki Robotics,Japan,Industrial Robotics AI for F&B,"2,4,7",REGIONAL HQ — Neuss (Germany office),Incumbent (Kawasaki Heavy Industries),"Food handling robot AI, palletising AI, hygienic design robot AI",German bakery and meat processing automation,Part of Kawasaki Heavy,¥1.7T (group),3 — Scaling,"German food robot AI deployments (bakery packaging, meat portioning)",kawasakirobotics.com
128,Veolia Deutschland,France,Industrial Water & Wastewater AI,"1,2,9,10",REGIONAL HQ — Frankfurt am Main (Germany),Incumbent (Paris SE listed),"Industrial water treatment AI, wastewater prediction AI, water optimisation","German dairy, brewery, and beverage processors with high water use",Public (Paris SE),Part of Veolia €42B,3 — Scaling,German food industry wastewater treatment AI (Veolia DE industrial water),veolia.com/de
129,Alfa Laval AB,Sweden,Heat Transfer & Process AI for Food,"1,9,10,13",REGIONAL HQ — Espoo area (FI); Germany sales office,Incumbent (Stockholm SE),"Heat exchanger process AI, dairy pasteurisation AI, energy recovery AI","German dairy, beverage and ingredient processors",Public (Stockholm SE),SEK 60B,4 — Mature,German dairy pasteurisation and heat transfer AI (Alfa Laval process AI),alfalaval.com
130,GF Piping Systems (Georg Fischer),Switzerland,Process Piping & Sensor AI,"1,9,10,13,14",REGIONAL HQ — Ludwigshafen (Germany),Incumbent (Swiss SE listed),"Smart piping sensor AI, flow monitoring AI, CIP process analytics","German dairy, brewery and ingredient processors",Public (Swiss SE),CHF 4.5B,3 — Scaling,German food process piping sensor AI (dairy CIP and flow monitoring),gfps.com
136,Afresh Technologies,USA,AI for Fresh Food Ordering & Waste,"1,3,6,7","GLOBAL PRESENCE — US-origin, EU fresh food expansion","NewCo (Series B, $115M)","Fresh food ordering AI, perishable waste reduction AI, dynamic shelf AI","German food retailers with fresh food (REWE, EDEKA fresh departments)",Series B ($115M),$30M+,2 — Pilot,EU fresh food AI ordering (German grocery retail fresh department AI),afresh.com
137,Shelf Engine,USA,AI Ordering for Perishables,"1,4,3,6,7","GLOBAL PRESENCE — US-origin, EU expansion","NewCo (Series B, $41M)",AI-powered automated ordering for perishable food categories,German supermarket fresh food suppliers (perishable manufacturers),Series B ($41M),$15M+,2 — Pilot,US-proven perishable food AI ordering (EU fresh category expansion),shelfengine.com
146,Emerson Electric (DeltaV AI),USA,Process Automation & Control AI,"1,9,10,13,14","REGIONAL HQ — Ratingen (Germany, Emerson DE HQ)",Incumbent (NYSE listed),"DeltaV AI, distributed control AI, process analytics, AspenTech integration","German process F&B manufacturers (beverage, ingredient, sugar)",Public (NYSE),$18B,4 — Mature,German beverage and ingredient process control AI (DeltaV platform),emerson.com
147,ABB Measurement & Analytics,Switzerland,Industrial Measurement AI,"1,9,10,13,14","REGIONAL HQ — Mannheim (Germany, ABB DE HQ)","Incumbent (NYSE, ABB Group)","Analytical instruments AI, gas analysis AI, flow measurement AI for food",German food processing manufacturers needing analytical measurement AI,"Public (NYSE, ABB Group)",Part of ABB $32B,4 — Mature,German food plant analytical measurement AI (ABB measurement instruments),abb.com/measurement
148,Endress+Hauser Analytics (Analytik Jena),Switzerland/Germany,Food Analytics AI,"1,2,3,10,11,12,14","LOCAL (Analytik Jena HQ — Jena, Thuringia; E+H parent)",Incumbent (E+H subsidiary),"Lab analytics AI, food quality analytics, spectroscopy AI for food","German food quality labs, dairy coops, ingredient companies",E+H subsidiary,€200M+,3 — Scaling,German food quality lab analytics AI (Analytik Jena instruments + AI),analytik-jena.de
151,Meyn Food Processing Technology,Netherlands,Poultry Processing AI,2,EUROPEAN PRESENCE — Oostzaan (NL HQ); Germany sales,Incumbent (Private),"Poultry slaughter and processing AI, yield optimisation, grading AI","German poultry processors (PHW Group, Bell Food — Marel competitor)",Private,€300M+,3 — Scaling,"German poultry processing AI (yield optimisation, grading — Marel competitor)",meyn.com
152,GEA Westfalia Separator (Centrifuge AI),Germany,Centrifuge & Separation Process AI,"1,9,10,13,14","LOCAL (Part of GEA Group, HQ Düsseldorf)",Incumbent (GEA subsidiary),"Centrifuge monitoring AI, separation process AI, yield optimisation","German dairy, beverage and ingredient manufacturers (GEA sub-brand)",GEA Group subsidiary,Part of GEA €5.3B,4 — Mature,German dairy and ingredient centrifuge process AI (GEA Westfalia platform),gea.com/en/equipment/separation
153,SPX Flow Technology,USA / Germany,Food and Beverage Processing AI,"1,9,10","REGIONAL HQ — Ettlingen (Germany, SPX Flow DE)",Incumbent (Lone Star PE-backed),"Pump monitoring AI, mixing process AI, UHT processing AI for dairy/beverage",German dairy and beverage manufacturers,PE-backed private,$1.5B+,3 — Scaling,German dairy/beverage pump and mixing process AI (SPX Flow installations),spxflow.com
154,Büchi Labortechnik AG,Switzerland,Laboratory Analytics AI for F&B,"1,2,3,10,11,12,14",REGIONAL HQ — Essen (Germany office),"Incumbent (Private, Swiss)","NIR lab analytics AI, spray drying monitoring AI, food lab automation AI",German food quality labs and R&D centres,Private,CHF 400M+,3 — Scaling,German food R&D lab analytics AI (NIR and spray drying process AI),buchi.com
156,Sealed Air Corporation,USA,Smart Packaging & Food Safety AI,"1,2,6,7",EUROPEAN PRESENCE — Germany active (DE packaging operations),Incumbent (NYSE listed),"Active packaging AI, food freshness AI, smart packaging design AI","German meat, dairy and fresh food processors using smart packaging",Public (NYSE),$5.5B,3 — Scaling,German food smart packaging AI (Cryovac + Sealed Air freshness systems),sealedair.com
157,Multivac Group,Germany,Packaging Machinery + AI Quality,"2,4,5,7,8",LOCAL HQ — Wolfertschwenden (Bavaria),Incumbent (Private),"Packaging line AI, seal inspection AI, vision AI quality for food packaging","German F&B packaging operations (meat, cheese, bakery packaging)",Private,€1.5B+,3 — Scaling,German food packaging AI (Multivac seal and quality vision AI — multiple accounts),multivac.com
227,Romer Labs (DSM-Firmenich),Austria,Mycotoxin & Allergen AI Testing,"3,4,5,12",REGIONAL HQ — Tulln (Austria); Germany active,Incumbent (DSM-Firmenich subsidiary),"Mycotoxin rapid AI testing, allergen test AI, food safety analytical AI","German grain mills, bakeries, pet food producers",DSM-Firmenich subsidiary,€200M+,3 — Scaling,German grain and bakery mycotoxin AI testing (Romer Labs widely used in DACH),romerlabs.com
229,Charm Sciences,USA,Rapid Food Safety Screening AI,"1,2,4,12",GLOBAL PRESENCE — Lawrence MA HQ; EU distribution,NewCo (Private),"Rapid antibiotic residue AI, mycotoxin AI, food safety screening AI","German dairy, grain and meat processors for rapid residue AI testing",Private,$50M+,3 — Scaling,German dairy and grain rapid residue AI testing (Charm ROSA system EU deployments),charm.com
230,Xylem Inc,USA,Water Technology & Analytics AI,"1,2,9,10","REGIONAL HQ — Erlangen (Germany, Xylem DE)",Incumbent (NYSE listed),"Smart water monitoring AI, Sensus IoT AI, water quality analytics AI for food","German food processors with high water use (dairy, brewery, soft drinks)",Public (NYSE),$7.3B,3 — Scaling,German food plant water monitoring AI (Xylem sensors in dairy and beverage plants),xylem.com/de
231,Pentair plc,UK / USA,Water Treatment & Filtration AI for F&B,"1,2,9,10",REGIONAL HQ — Amsterdam (EU HQ); Germany active,Incumbent (NYSE listed),"Food-grade water filtration AI, beverage carbonation AI (Pentair Haffmans), process water AI","German breweries, soft drink bottlers, dairy processors",Public (NYSE),$4.1B,4 — Mature,German beverage and dairy water treatment AI (Pentair/Haffmans CO₂ and filtration),pentair.com/de
232,Grundfos Holding A/S,Denmark,Smart Pump & Fluid Management AI,"1,2,9,10,13","REGIONAL HQ — Erkrath (Germany, Grundfos DE)",Incumbent (Foundation owned),"iGRID smart pump AI, pump energy optimisation AI, predictive pump AI for F&B","German dairy, brewery and food processing plants with pump-intensive operations",Foundation owned,DKK 36B,4 — Mature,German food plant pump AI (Grundfos iGRID in dairy and beverage plants),grundfos.com/de
233,Hach Company (Danaher),USA,Water Quality Analysis AI,"1,2,9,10","REGIONAL HQ — Düsseldorf (Hach Germany, Danaher)",Incumbent (Danaher subsidiary),"Online water quality AI, process water monitoring AI, turbidity and TOC AI",German food and beverage processors for water quality compliance,Danaher subsidiary,$1B+,4 — Mature,"German food plant process water quality AI (Hach analysers in dairy, brewery)",hach.com/de
235,Suez Water Technologies,France / Germany,Industrial Water & Effluent AI,"1,2,9,10",REGIONAL HQ — Paris + multiple Germany offices,Incumbent (Veolia subsidiary),"Industrial wastewater AI, effluent treatment AI, water recycling AI for food","German dairy, meat and beverage processors with high effluent loads",Veolia subsidiary,€1B+ (water tech),3 — Scaling,German food plant wastewater AI (Suez industrial water treatment in DACH),suez-watertech.com
236,ABB Energy Industries AI,Switzerland,Energy Optimisation AI for Process Industry,"1,9,10,13,14","REGIONAL HQ — Mannheim (Germany, ABB DE)","Incumbent (NYSE listed, ABB Group)","Process energy AI, electrification AI, energy management AI for F&B","German food process manufacturers (ingredient, sugar, beverage)",ABB Group (NYSE),Part of ABB $32B,4 — Mature,German food industry energy AI (ABB energy management in process F&B plants),abb.com/energy
281,Perfect Day Inc,USA,Precision Fermentation Dairy Protein AI,"1,15",GLOBAL PRESENCE — Berkeley CA HQ; EU ingredient supply,"NewCo (Series D, $350M)","Precision fermentation AI for dairy whey protein, animal-free dairy AI","German dairy alternative producers, ingredient buyers (BASF-adjacent)",Series D ($350M),$80M+,1 — Experimental,EU precision fermentation dairy AI (Perfect Day ingredients entering European market),perfectday.com
283,Motif FoodWorks Inc,USA,Food Ingredient Technology AI,"15,4",GLOBAL PRESENCE — Cambridge MA HQ; EU partnerships,"NewCo (Series B, $226M)","Plant-based ingredient AI (HEMAMI beef-like flavour AI), texture AI",German plant-based food manufacturers seeking beef-like flavour AI,Series B ($226M),$40M+,1 — Experimental,EU plant-based ingredient AI (Motif partnering with European alt protein producers),motifftw.com
284,Formo Bio GmbH,Germany,Precision Fermentation Dairy AI (Animal-Free),"1,15",LOCAL HQ — Berlin (Germany),"NewCo (Series B, €61M)","Precision fermentation AI for animal-free dairy (cheese, casein) — Germany's leader","German dairy alternative producers, premium food companies",Series B (€61M),€15M+,2 — Pilot,"Germany's leading precision fermentation dairy AI company (Berlin, alt cheese AI)",formo.bio
288,Remilk Ltd,Israel,Precision Fermentation Dairy Protein AI,"1,15",GLOBAL PRESENCE — Tel Aviv HQ; EU ingredient partnerships,"NewCo (Series B, $120M)","Animal-free dairy whey AI, precision fermentation for cheese and yogurt analogues",European dairy alternative producers and ingredient companies,Series B ($120M),$20M+,1 — Experimental,EU animal-free dairy ingredient AI (Remilk entering European dairy market),remilk.com
289,New Culture Inc,USA,Animal-Free Mozzarella AI,"1,15",GLOBAL PRESENCE — San Leandro CA; EU licensing pipeline,"NewCo (Series A, $30M)",Precision fermentation casein AI for animal-free mozzarella production,European dairy and alt protein cheese producers,Series A ($30M),$5M+,1 — Experimental,EU animal-free mozzarella AI (New Culture European licensing pipeline),new.culture
290,Change Foods Inc,USA,Precision Fermentation Cheese AI,"1,15",GLOBAL PRESENCE — San Francisco; EU expansion,"NewCo (Series A, $12M)",Precision fermentation AI for dairy-identical cheese proteins,European food manufacturers producing premium dairy analogues,Series A ($12M),$5M+,1 — Experimental,EU animal-free cheese protein AI (Change Foods European ingredient pipeline),changefoods.com
291,Anton Paar GmbH,Austria,Precision Beverage Measurement AI,"9,10,1",REGIONAL HQ — Graz (Austria); Germany active (Ostfildern office),"Incumbent (Private, foundation)","Density AI, Brix AI, viscosity AI, alcohol content AI for beverage QA","German breweries, soft drink bottlers, dairy processors for quality QA AI",Foundation owned,€600M+,4 — Mature,German beverage quality measurement AI (Anton Paar instruments in all major DE breweries),antonpaar.com
295,Sacmi Group,Italy,F&B Packaging Machinery AI,"9,10,1",REGIONAL HQ — Imola (IT); Germany sales office,Incumbent (Cooperative owned),"Caps, closures and packaging AI inspection, container inspection AI, beverage line AI",German beverage and dairy producers for packaging quality AI,Cooperative owned,€1.7B,4 — Mature,German beverage packaging AI (Sacmi vision AI on bottling and dairy packaging),sacmi.com
300,Bürkert Fluid Control (Advanced AI),Germany,Fluid Process AI for Beverages,"1,9,10",LOCAL HQ — Ingelfingen (Baden-Württemberg),"Incumbent (Private, family)","Process control AI for beverage CIP, mixing AI, filling AI integration","German dairy, brewery and soft drink processors (advanced Bürkert AI module)",Private,€700M+,3 — Scaling,German food fluid process AI (advanced Bürkert Flow+ AI at dairy and beverage plants),burkert.com
301,Bext360 Inc,USA,Supply Chain Traceability AI for Coffee/Cocoa,"11,4,13",GLOBAL PRESENCE — Denver CO HQ; EU supply chain active,"NewCo (Series A, $9M)","Blockchain traceability AI for coffee origin, cocoa farmer data AI","German coffee roasters (Tchibo, Melitta) and chocolate producers for EUDR AI",Series A ($9M),$5M+,2 — Pilot,EU coffee and cocoa traceability AI (EUDR compliance for German coffee/chocolate),bext360.com
306,Wholechain Inc,USA,Seafood Traceability Blockchain AI,2,GLOBAL PRESENCE — Portland OR HQ; EU seafood supply,"NewCo (Series A, $7M)","Seafood blockchain traceability AI, catch-to-consumer supply chain AI","German seafood importers, processors and retailers for seafood AI traceability",Series A ($7M),$5M+,2 — Pilot,EU seafood traceability AI (German seafood processors for EU regulation compliance),wholechain.com
307,Foodpairing NV,Belgium,AI Food Ingredient & Flavour Pairing,"14,10,9,4",EUROPEAN PRESENCE — Bruges (Belgium); Germany active,NewCo (Series A),"Flavour compound pairing AI, culinary innovation AI, ingredient matching AI","German chefs, food R&D teams, ingredient companies for flavour innovation AI",Series A,€5M+,2 — Pilot,European culinary AI (Foodpairing used by German ingredient and beverage companies),foodpairing.com
312,Fernride GmbH,Germany,Autonomous Truck AI for Cold Chain Logistics,"1,2,6,9",LOCAL HQ — Munich (Bavaria),"NewCo (Series A, €14M)","Autonomous truck AI for food distribution, semi-autonomous cold chain AI",German food logistics companies and cold chain operators,Series A (€14M),€5M+,1 — Experimental,German cold chain autonomous truck AI (Fernride DE food logistics pilots),fernride.io
313,BITZER SE,Germany,AI-Driven Refrigeration Compressor Technology,"1,2,6,9",LOCAL HQ — Sindelfingen (Baden-Württemberg),"Incumbent (Private, family)","Compressor monitoring AI, refrigeration efficiency AI, predictive compressor AI","German cold store operators, frozen food manufacturers, dairy processors",Private (family),€800M+,3 — Scaling,German cold chain refrigeration AI (BITZER compressors in German cold stores),bitzer.de
320,Westfalia Technologies Inc,USA / Germany,Automated Retrieval & Cold Storage AI,"1,2,6",GLOBAL PRESENCE — York PA HQ; Germany office,Incumbent (Private),"Satellite-based cold store AI, ASRS (automated storage/retrieval) for cold chain",German frozen food and dairy manufacturers for cold automated storage AI,Private,$200M+,3 — Scaling,German cold food automated storage AI (Westfalia cold store AI at German food DCs),westfaliausa.com
337,AgriWebb Pty Ltd,Australia,Livestock Management AI,2,GLOBAL PRESENCE — Sydney HQ; EU livestock AI delivery,"NewCo (Series C, $26M)","Livestock farm management AI, animal welfare AI, meat supply chain AI","German meat processors (Tönnies, PHW) for upstream livestock farm AI",Series C ($26M),$15M+,2 — Pilot,EU livestock management AI (upstream German meat supply chain farm AI),agriwebb.com
338,CattleEye,Ireland,Computer Vision AI for Livestock Monitoring,2,EUROPEAN PRESENCE — Galway Ireland HQ; EU expansion,"NewCo (Series A, €5M)","Vision AI for cattle health monitoring, lameness detection AI, welfare AI","German beef and dairy farmers supplying to Tönnies, DMK Group",Series A (€5M),€3M+,1 — Experimental,EU livestock welfare AI (cattle health monitoring for German meat supply chain),cattleeye.com
339,eFishery,Indonesia / Global,Aquaculture & Fish Farming AI,2,GLOBAL PRESENCE — Bandung HQ; EU seafood import chain,"NewCo (Series D, $200M)","Smart fish feeding AI, aquaculture optimisation AI, seafood traceability AI",German seafood importers and processors for sustainable aquaculture supply AI,Series D ($200M),$50M+,2 — Pilot,EU aquaculture supply chain AI (sustainable seafood sourcing AI for Germany),efishery.com
348,Invafresh,Canada,Fresh Food Lifecycle AI,"1,3,4,6,7",GLOBAL PRESENCE — Toronto HQ; EU fresh food active,NewCo (PE-backed),"Fresh food management AI, perishable planning AI, markdown AI for retail fresh",German food retailers and fresh food manufacturers for fresh food AI,PE-backed,$30M+,3 — Scaling,EU fresh food lifecycle AI (Invafresh European grocery retail fresh category AI),invafresh.com
349,iTradeNetwork,USA,Perishable Food Supply Chain AI,"1,2,3,6,7",GLOBAL PRESENCE — San Francisco HQ; EU perishable supply,Incumbent (Roper Technologies),"Perishable food supply chain AI, electronic invoicing AI, supplier connectivity AI",German food retailers and perishable food processors for supply chain AI,Roper Technologies subsidiary,$100M+,3 — Scaling,EU perishable supply chain AI (German food retail fresh and perishable logistics),itradenetwork.com
353,Syrup Tech,USA,Inventory Intelligence AI for Perishables,"1,3,4,6,7",GLOBAL PRESENCE — New York HQ; EU delivery,"NewCo (Series A, $16M)","Perishable inventory AI, shelf-life-aware inventory AI, markdown optimisation AI",German food retailers and fresh food companies for perishable inventory AI,Series A ($16M),$10M+,2 — Pilot,EU perishable inventory AI (Syrup Tech EU food retail fresh category expansion),syruptech.com
355,Foodgeek (ex-Dataisgood),Denmark,AI Analytics for Commercial Bakeries,4,EUROPEAN PRESENCE — Copenhagen HQ; Germany active,"NewCo (Seed, €2M)","Bakery analytics AI, sourdough analytics AI, commercial bakery production AI",German artisan and commercial bakeries for bakery-specific production AI,Seed (€2M),€1M+,1 — Experimental,German commercial bakery AI analytics (bakery-specific production intelligence),foodgeek.io
356,Spectra AI (Spectralica),Denmark / Germany,Inline Spectral AI for Food Production,"1,4,9,12",EUROPEAN PRESENCE — Copenhagen + Germany active,NewCo (Series A),Inline NIR and Raman AI for real-time composition monitoring in food production,"German dairy, bakery and grain processors for inline quality AI monitoring",Series A,€5M+,2 — Pilot,German food inline spectral AI (real-time composition monitoring in food lines),spectralica.com
359,Fermify,Austria,Dairy Analogue Production AI,"1,15",EUROPEAN PRESENCE — Vienna (Austria); EU alt dairy active,"NewCo (Seed, €3M)","Fermentation AI for dairy analogues, casein AI, alt cheese production AI",German alt dairy producers and dairy companies exploring precision fermentation,Seed (€3M),€2M+,1 — Experimental,EU dairy analogue AI (Austrian startup; German alt cheese production pipeline),fermify.at
361,Nobell Foods,USA,Animal-Free Casein AI (Soy),"1,15",GLOBAL PRESENCE — Burlingame CA; EU future,"NewCo (Series B, $75M)","AI-developed plant casein, soy-based dairy protein AI, cheese-melt AI",German dairy alternative companies and cheese producers,Series B ($75M),$15M+,1 — Experimental,EU soy-derived casein AI (plant-based cheese melt improvement for German F&B),nobell.io
365,ACWA Robotics,France,Pipe Inspection AI for F&B,"1,9,10",EUROPEAN PRESENCE — Aix-en-Provence (FR); EU food plant active,"NewCo (Series A, €4M)","Autonomous pipe inspection AI, CIP pipeline monitoring AI, food-grade pipe AI","German dairy, brewery and beverage plants for AI pipe inspection and monitoring",Series A (€4M),€3M+,1 — Experimental,EU food plant pipe inspection AI (dairy and beverage pipeline AI monitoring),acwarobotics.com
396,Andritz AG,Austria,Food & Feed Processing Machinery AI,"1,2,12,13,15",REGIONAL HQ — Graz (Austria) + Germany offices,Incumbent (Vienna SE listed),"Separation process AI, drying AI, feed processing AI, pelletising AI",German food ingredient and animal feed processors,Public (Vienna SE),€7.9B,4 — Mature,German food process AI (Andritz separation and drying AI in ingredient/feed plants),andritz.com
399,Brabender GmbH & Co KG,Germany,F&B Testing & Measurement AI,"4,5,12,14",LOCAL HQ — Duisburg (NRW),Incumbent (Private SME),"Farinograph AI, extensograph AI, viscosity AI, texture testing AI for food","German bakery, starch and ingredient producers for product quality testing AI",Private,€100M+,3 — Scaling,German food quality testing AI (Brabender instruments in DE bakeries and mills),brabender.com
401,Netzsch Group,Germany,"Grinding, Dispersing & Thermal AI","4,14",LOCAL HQ — Selb (Bavaria),"Incumbent (Private, family)","Grinding process AI, mixing AI, viscosity AI for chocolate and ingredient","German chocolate, confectionery and ingredient manufacturers",Private (family),€600M+,3 — Scaling,German confectionery grinding AI (Netzsch machines in German chocolate plants),netzsch.com
404,IMA Group,Italy,Processing & Packaging AI,"1,4,11,14",REGIONAL HQ — Bologna (IT) + Germany office,Incumbent (Milan SE listed),"Tea/coffee/dairy processing AI, packaging AI, capsule filling AI","German coffee, dairy and ingredient manufacturers",Public (Milan SE),€2B+,4 — Mature,German F&B packaging AI (IMA coffee capsule and dairy packaging lines in DE),imagroup.com
405,Optima Packaging Group,Germany,Filling & Packaging AI,"1,14,15",LOCAL HQ — Schwäbisch Hall (Baden-Württemberg),Incumbent (Private),"Filling machine AI, pharma-grade food packaging AI, cleanroom packaging AI","German dairy, supplement and ingredient manufacturers",Private,€600M+,4 — Mature,German dairy and supplement packaging AI (Optima at German food/pharma boundary),optima-packaging.com
410,Marchesini Group,Italy,Packaging & Automation AI,"4,14,1",EUROPEAN PRESENCE — Pianoro (IT) + Germany,Incumbent (Private),"Pharma-grade food packaging AI, blister AI, cartoning AI for food supplements",German supplement and precision food manufacturers,Private,€500M+,3 — Scaling,German supplement/food packaging AI (Marchesini pharma-food boundary packaging),marchesini.com
411,ProSonix LLC,USA,Ultrasonic Mixing & Emulsification AI,"1,14,9","GLOBAL PRESENCE — US-origin, EU delivery",NewCo (Private SME),"Ultrasonic processing AI, emulsification AI, continuous mixing AI for food","German dairy, ingredient and beverage R&D teams",Private,$10M+,2 — Pilot,EU food ultrasonic processing AI (ultrasonic emulsification for German ingredient R&D),prosonix.net
412,Buhler Sortex,UK/Switzerland,Optical Sorting AI for F&B,"3,4,5,11,12",REGIONAL HQ — Uzwil (CH) + UK + Germany sales (Bühler subsidiary),Incumbent (Bühler Group),"Optical sorting AI for grains, nuts, coffee, produce defect removal","German grain, coffee, nut and snack processors",Bühler Group,Part of Bühler CHF 3B,4 — Mature,German grain and coffee optical sorting AI (Bühler Sortex in German mills and roasters),buhlergroup.com/sortex
413,Tomra Sorting Solutions,Norway,Advanced Food Sorting AI,"2,3,5,6,12","REGIONAL HQ — Langen (Germany, TOMRA DE)","Incumbent (Oslo SE listed, distinct division from TOMRA #37)","Hyper-spectral sorting AI, laser sorting AI, AI defect detection for produce/protein","German vegetable, meat, grain and potato processors",Public (Oslo SE),Part of TOMRA NOK 12B,4 — Mature,German food hyperspectral sorting AI (TOMRA hyper-spectral at German vegetable/grain),tomra.com/food
414,Multivac Sepp Haggenmüller,Germany,Packaging & AI Processing (Premium),"2,1,4,7",LOCAL HQ — Wolfertschwenden (Bavaria),"Incumbent (Private, family — separate entry to Multivac Group)","Tray sealing AI with vision, modified atmosphere packaging AI, slice packaging AI","German meat, dairy and deli food manufacturers",Private (family),€1.5B,4 — Mature,German deli and meat packaging AI (Multivac MAP AI at German dairy/meat plants),multivac.com
501,Planetary AG,Switzerland,Sustainable Food Processing AI,"1,14",EUROPEAN PRESENCE — Reinach (Switzerland); Germany active,"NewCo (Seed, CHF 3M)","Sustainable whey processing AI, dairy circular economy AI",German dairy companies for sustainable whey valorisation AI,Seed (CHF 3M),CHF 2M+,1 — Experimental,EU dairy circular AI (whey valorisation AI for German dairy plants),planetary.ag
505,Pixelfield GmbH,Germany,AI Vision for Food Quality (DE Startup),"1,4,5",LOCAL HQ — Germany (Bavaria),NewCo (Seed),"Vision AI for food surface quality, bakery inspection AI, dairy visual AI",German bakeries and dairy companies for AI vision quality control,Seed,€1M+,1 — Experimental,German food vision AI startup (computer vision QA for German SME food companies),pixelfield.de
537,Nobell Foods Inc,USA,Animal-Free Casein Protein AI,"1,15",GLOBAL PRESENCE — Burlingame CA; EU dairy partnerships,"NewCo (Series B, $75M)","AI-engineered soy casein for cheese melt, dairy analogue AI",German dairy alternative producers,Series B ($75M),$15M+,1 — Experimental,EU animal-free cheese protein AI (Nobell casein AI for European dairy analogues),nobell.io
541,Zoetis Inc (Digital),USA,Animal Health AI for Livestock Supply,2,REGIONAL HQ — Parsippany NJ + Germany active,Incumbent (NYSE listed),"Livestock disease prediction AI, herd health AI, precision animal health AI","German livestock farms supplying to Tönnies, PHW, DMK for health AI",Public (NYSE),$8B,3 — Scaling,German livestock health AI (Zoetis digital AI for upstream meat and dairy supply),zoetis.com/de
542,Merck Animal Health (DE),Germany/USA,Digital Animal Health AI,"2,1","LOCAL HQ — Darmstadt (Merck KGaA, Germany)",Incumbent (Merck KGaA subsidiary),"Animal health monitoring AI, livestock welfare AI, farm productivity AI",German dairy and meat supply chain farm AI for LkSG welfare compliance,Merck KGaA subsidiary,Part of Merck €22B,3 — Scaling,German livestock health AI (Merck Animal Health DE digital services for farms),merck-animal-health.de
543,SenseTime (AgriAI),China,Computer Vision AI for Agriculture & Food,"3,2",GLOBAL PRESENCE — Hong Kong + EU limited delivery,"Incumbent (HKSE listed, restricted)","Agricultural computer vision AI, livestock monitoring AI, food factory vision AI",Limited EU presence due to regulatory concerns; mentioned for completeness,Public (HKSE),$2B+,3 — Scaling (EU limited),EU food vision AI (SenseTime agricultural AI; limited EU adoption due to regulatory),sensetime.com
545,Halio Inc (AGC),USA/Japan,Smart Glass AI for Food Storage,"1,2,6",GLOBAL PRESENCE — Milpitas CA; EU partnerships,NewCo (AGC subsidiary),"Electrochromic smart glass AI for cold store energy AI, display AI",German cold store operators for energy-saving smart glass AI,AGC subsidiary,$50M+,1 — Experimental,EU cold store smart glass AI (energy saving for German cold storage facilities),halio.com
553,Royal DSM Digital (dsm-firmenich),Netherlands/Switzerland,Ingredient Intelligence AI,"14,15,1",REGIONAL HQ — Heerlen (NL) + Germany active (dsm-firmenich),"Incumbent (Private, merged)","Ingredient AI, nutrition AI, fermentation optimisation AI, sustainability AI",German food and ingredient manufacturers using DSM-Firmenich ingredients,Private (merged),Part of dsm-firmenich €12B,4 — Mature,German food ingredient AI (DSM-Firmenich ingredient intelligence platform in Germany),dsm-firmenich.com
558,Barry Callebaut (Digital AI),Switzerland,Chocolate & Cocoa Ingredient AI,4,REGIONAL HQ — Zurich + Germany (BC Germany),Incumbent (SIX Swiss Exchange listed),"Cocoa origin traceability AI, chocolate formulation AI, EUDR compliance AI",German chocolate and confectionery manufacturers,Public (SIX),CHF 8B,3 — Scaling,German chocolate ingredient AI (Barry Callebaut EUDR traceability for DE confectionery),barry-callebaut.com
559,Olam International,Singapore,Agricultural Commodity & Supply AI,"11,4,13",GLOBAL PRESENCE — Singapore + Germany (Olam DE),Incumbent (Singapore SE listed),"Coffee and cocoa origin AI, EUDR supply chain AI, commodity risk AI",German coffee roasters and confectionery manufacturers,Public (Singapore SE),$35B+,3 — Scaling,German coffee/cocoa supply chain AI (Olam AtSource traceability for German roasters),olamgroup.com
560,Givaudan Digital (AI division),Switzerland,Flavour & Fragrance AI,"14,1,9",REGIONAL HQ — Vernier (CH) + Germany offices,Incumbent (SIX Swiss Exchange listed),"Flavour formulation AI, sensory AI, consumer preference AI, GenAI for flavour",German ingredient and food companies using Givaudan flavours,Public (SIX),CHF 7B,3 — Scaling,German flavour AI (Givaudan AI-powered flavour design for German food manufacturers),givaudan.com
561,IFF (International Flavors & Fragrances),USA,Ingredient & Flavour AI,"14,1,9,15",REGIONAL HQ — New York + Germany (IFF Germany),Incumbent (NYSE listed),"AI flavour design, microbiome ingredient AI, plant-based texture AI",German food manufacturers using IFF ingredients for AI-designed flavours,Public (NYSE),$11.6B,3 — Scaling,German ingredient AI (IFF DACH flavour and ingredient AI for German food companies),iff.com
563,Kerry Group Digital,Ireland,Ingredient & Taste Technology AI,"14,1,4,9",REGIONAL HQ — Tralee (IE) + Germany (Kerry DE),Incumbent (Dublin SE listed),"Taste modulation AI, protein AI, clean-label ingredient AI, savoury AI",German food manufacturers using Kerry ingredients for AI taste solutions,Public (Dublin SE),€8B,3 — Scaling,German taste AI (Kerry Group DACH AI-powered ingredient solutions for DE food),kerry.com/de
564,Corbion NV,Netherlands,Bio-Based Ingredient AI,"1,4,15",REGIONAL HQ — Amsterdam (NL) + Germany active,Incumbent (Amsterdam SE listed),"Lactic acid AI, PLA bioplastic AI, food preservation AI, algae protein AI","German bakery, dairy and sustainable packaging companies",Public (Amsterdam SE),€1.2B,3 — Scaling,German food preservation and biobased ingredient AI (Corbion DACH deployments),corbion.com
565,Novozymes (Novo Nordisk Foundation),Denmark,Enzyme & Fermentation AI for F&B,"14,1,10,12,13",REGIONAL HQ — Bagsvaerd (DK) + Germany active,Incumbent (Copenhagen SE listed),"Enzyme design AI, fermentation AI, sustainable food production AI","German bakers, brewers, dairy and ingredient companies using Novozymes enzymes",Public (Copenhagen SE),DKK 20B,4 — Mature,"German food enzyme AI (Novozymes enzymes + AI in German bakeries, breweries, dairy)",novozymes.com/de
566,ABF Ingredients (AB Foods),UK,Food Ingredient Innovation AI,"4,14,1",REGIONAL HQ — London + Germany active,Incumbent (London SE listed),"Specialty ingredient AI, yeast extract AI, enzyme AI for baking and fermentation","German bakery, meat and dairy manufacturers",Public (London SE),Part of AB Foods £17B,3 — Scaling,German food ingredient AI (ABF ingredients Ohly/GreenField in German F&B plants),abfingredients.com
596,Sensitech Inc (Carrier),USA,Temperature & Cold Chain AI,"1,2,6,9,11",REGIONAL HQ — Beverly MA + Germany active (Carrier subsidiary),Incumbent (Carrier subsidiary),"TempTale cold chain AI, real-time temperature monitoring AI, cold chain analytics",German food distributors and cold chain operators,Carrier (NYSE) subsidiary,$200M+,4 — Mature,German cold chain temperature AI (Sensitech TempTale widely in German food logistics),sensitech.com
597,Emerson (Cargo Solutions),USA,Cold Chain Monitoring AI,"1,2,6,9",REGIONAL HQ — Shakopee MN + Germany active (Emerson Cargo Solutions),Incumbent (Emerson subsidiary),"Cold chain data logger AI, perishable monitoring AI, compliance AI",German food manufacturers and logistics for cold chain AI,Emerson subsidiary,$100M+,4 — Mature,German food cold chain AI (Emerson Cargo Solutions cold chain loggers in Germany),emerson.com/cargo
599,Roambee Corporation,USA,Asset & Perishable Tracking AI,"1,2,6,9",GLOBAL PRESENCE — San Jose; EU delivery Germany,"NewCo (Series B, $15M)","IoT tracking AI for perishables, real-time cargo AI, cold chain IoT AI",German food manufacturers and 3PLs for perishable cargo AI,Series B ($15M),$15M+,2 — Pilot,German food perishable tracking AI (Roambee IoT for European cold food shipments),roambee.com
623,Foodlogix (by Aptean),USA,Fresh and Perishable Distribution AI,"3,1,6,7",GLOBAL PRESENCE — Atlanta GA (Aptean subsidiary),Incumbent (Aptean subsidiary),"Fresh food distribution AI, FEFO AI, perishable ERP AI",German fresh food distributors and wholesalers,Aptean subsidiary,$50M+,2 — Pilot,German fresh food distribution AI (Foodlogix perishable ERP for DE distributors),aptean.com/solutions/foodlogix
1,Siemens AG,Germany,Smart Factory / Industrial AI Platform,ALL,LOCAL HQ — Munich,Incumbent,"OEE AI, Digital Twins, Energy AI, Process AI","Südzucker, Nordzucker, GEA (partner), Nestlé DE",Public (DAX),€18B+ (Digital Industries),5 — Commodity,Südzucker sugar process AI + digital twin (multi-site),siemens.com
5,SAP SE,Germany,Enterprise AI Platform,ALL,LOCAL HQ — Walldorf (Baden-Württemberg),Incumbent,"Demand AI, Procurement AI, CSRD AI, ERP AI","Dr. Oetker, Nestlé Germany, Aldi, Lidl, Kaufland, Tönnies",Public (DAX),€34B (total),5 — Commodity,"Dr. Oetker demand AI (12 sites), Südzucker process AI",sap.com
6,Blue Yonder (Panasonic),USA,Demand Forecasting & Supply Chain AI,ALL,EUROPEAN PRESENCE — Frankfurt am Main office,Hybrid (Panasonic subsidiary),"Demand AI, SC Optimisation, Replenishment AI","Dr. Oetker, Nestlé Germany, REWE Group, iglo",Panasonic subsidiary,$1B+ ARR,4 — Mature,"Dr. Oetker demand AI (4→12 sites), REWE own-brand waste AI",blueyonder.com
11,Augury,USA,Predictive Maintenance AI,ALL,GLOBAL PRESENCE — via Rockwell DE partner channel,"NewCo (Series E, $180M)","Predictive Maintenance AI, Machine Health AI",European F&B via Rockwell partner channel,Series E ($180M),$50M+,3 — Scaling,EU F&B pilots via Rockwell channel (expanding Germany 2025),augury.com
19,IBM (Watson/Consulting),USA,Enterprise AI & Regulatory Intelligence,ALL,LOCAL HQ — Munich (Germany),Incumbent (NYSE listed),"Demand AI, LkSG AI, CSRD AI, GenAI","Nestlé Germany, Large German F&B >500 employees",Public (NYSE),$14B (consulting),4 — Mature,German F&B CSRD implementations via IBM Consulting DACH,ibm.com
61,Rockwell Automation,USA,Smart Manufacturing & MES AI,ALL,REGIONAL HQ — Düsseldorf (Germany),Incumbent (NYSE listed),"FactoryTalk Analytics AI, OEE AI, MES AI, Digital Twin","German food manufacturers (via SI partners — Freiberger, Frosta adjacent)",Public (NYSE),$9B,4 — Mature,German F&B MES+analytics deployments via Rockwell partner network,rockwellautomation.com
167,Amazon Web Services (AWS),USA,Hyperscale Cloud AI for F&B,ALL,REGIONAL HQ — Frankfurt am Main (AWS EU-Central-1),Incumbent (NASDAQ: AMZN),"Rekognition vision AI, SageMaker ML platform, Forecast AI, Supply Chain AI","German F&B via SAP-on-AWS, Azure-competing deployments (Nestlé DE on AWS)",Public (NASDAQ),$100B+ ARR,4 — Mature,"German F&B cloud AI on AWS (Nestlé globally, German food SMEs via AWS Partners)",aws.amazon.com/de
168,Google Cloud (Vertex AI),USA,Hyperscale Cloud AI for F&B,ALL,REGIONAL HQ — Hamburg + Munich (Google Germany),Incumbent (NASDAQ: GOOGL),"Vertex AI ML platform, Vision AI for food, BigQuery food analytics, Demand Forecasting AI",German F&B companies using Google Cloud (expanding vs Azure SAP dominance),Public (NASDAQ),$36B ARR,3 — Scaling,German F&B cloud AI on Google Cloud (Unilever global AI programme including DE),cloud.google.com
263,Fiix Software (Rockwell Automation),Canada,Cloud CMMS & Maintenance AI,ALL,GLOBAL PRESENCE — Toronto HQ (Rockwell subsidiary),Incumbent (Rockwell subsidiary),"Maintenance scheduling AI, asset management AI, CMMS analytics AI",German food manufacturers (via Rockwell distribution channel),Rockwell subsidiary,$50M+,3 — Scaling,German food factory cloud CMMS AI (Fiix via Rockwell Germany channel),fiixsoftware.com
550,Red Hat (IBM) AI for Manufacturing,USA,Open Source AI Platform for F&B,ALL,REGIONAL HQ — Frankfurt am Main (Red Hat Germany),Incumbent (IBM subsidiary),"OpenShift AI for food manufacturing, Linux AI for food systems, MLOps AI",German food manufacturers' IT teams for open-source AI platform,IBM subsidiary,Part of IBM $60B,3 — Scaling,German food manufacturer AI platform (Red Hat OpenShift AI in German food IT),redhat.com/de
