Prob ID,Category,Problem Statement,Seg Tags,VC Stage,Severity,AI Use Case Solution,Affected Germany Companies,Financial Impact (€),Regulatory Trigger,Problem Type
P-Q001,Quality,Food contamination / foreign body in product,ALL,"4,8",5,X-ray AI + Computer Vision + NIR Spectral AI,All German F&B processors,€200K–10M (recall),"HACCP CCP, EU Reg 178/2002",Universal
P-Q002,Quality,"Packaging seal integrity failure (blown seals, pin holes)",ALL,7,5,Computer Vision 100% seal inspection AI,"German beverage, dairy, packaged food bottlers",€50K–1M,"EU Packaging Reg, consumer protection",Universal
P-Q003,Quality,Fill-level under/over-fill in packaging,"1,2,9,10",7,5,Fill-level vision AI with real-time rejection,"Coca-Cola DE, Eckes-Granini, Radeberger, German dairy",€30K–400K,EU Weights & Measures Directive,Universal
P-Q004,Quality,"Inconsistent product taste, texture or composition","1,4,9,10,14","1,5",4,Recipe GenAI + Process optimisation AI + NIR AI,"Dairy cheese, brewery batch, bakery texture failures",€20K–200K,ISO 22000 customer spec,Universal
P-Q005,Quality,Visual surface defects in finished product,ALL,"7,8",4,Computer Vision defect detection AI,"German bakery, cheese, confectionery, beverage producers",€10K–200K,"ISO 22000, customer spec",Universal
P-Q006,Quality,Allergen cross-contamination on shared production lines,"2,4,5,7,8","5,7,8",5,Allergen detection AI + line clearance AI,"German bakeries, snack producers, packaged food lines",€500K–5M (recall),EU FIR 1169/2011 allergen declaration,Regulatory
P-Q007,Quality,"Pathogen contamination (Listeria, Salmonella, E.coli) in RTE","2,1,7","5,8",5,Environmental monitoring AI + rapid pathogen testing AI,"Tönnies, PHW Group, German meat & RTE processors",€1M–50M (recall+legal),EU Reg 2073/2005 microbiological criteria,Regulatory
P-Q008,Quality,Shelf-life prediction inaccuracy (static date stamps vs actual),"1,2,6,7","9,10",4,Dynamic shelf-life prediction AI using IoT sensor data,"German dairy, frozen food, meat distribution",€100K–2M (waste+markdowns),EU food safety date marking,Universal
P-Q011,Quality,Chocolate tempering failure causing bloom defects,4,5,3,Process AI + IoT temperature control for tempering consistency,German chocolate and confectionery producers,€5K–80K (product downgrade),EU Cocoa & Chocolate Directive,Segment-Specific
P-P001,Production,Unplanned equipment downtime on critical line,ALL,8,5,Predictive maintenance AI (vibration+acoustic+thermal),All German F&B production facilities,€50K–500K/event,ISO 22000 OEE targets,Universal
P-P002,Production,Throughput bottleneck at packaging station,ALL,7,4,Digital twin simulation + OEE optimisation AI,"German beverage bottlers, packaged food lines",€20K–150K/day,ISO 22000 OEE,Universal
P-P003,Production,Excessive CIP cycle time consuming production capacity,"1,2,9,10","5,6",4,CIP optimisation AI + real-time sensor analytics,"GEA dairy clients, German breweries, beverage processors",€10K–80K (capacity loss),"EHEDG CIP, HACCP",Segment-Specific
P-P004,Production,Multi-SKU product changeover delays,"4,5,7,8,9","5,6",4,AI-optimised changeover scheduling,"Dr. Oetker multi-SKU lines, German packaged food",€15K–100K (lost capacity),—,Universal
P-P005,Production,Fermentation endpoint inconsistency,"1,10,14,15",5,4,Fermentation endpoint prediction AI,"German breweries, yogurt producers, ingredient manufacturers",€10K–100K (rework/downgrade),ISO 22000,Segment-Specific
P-P006,Production,Bakery product over/under-baking,"4,5",5,4,Oven profile AI + moisture prediction ML,"German industrial bakeries (Harry-Brot, Dr. Oetker bakery)",€5K–60K (waste),ISO 22000,Segment-Specific
P-P007,Production,Energy peak demand during high-production periods,ALL,"5,13",4,Energy demand management AI + load shifting,"Südzucker, GEA dairy clients, German breweries",€50K–500K/yr (energy cost),EU Energy Efficiency Directive,Universal
P-P010,Production,High steam/thermal energy consumption in processing,"1,10,13","5,13",4,Steam energy AI + heat recovery optimisation,"German dairies, breweries, sugar refineries",€200K–2M/yr (energy),EU Energy Efficiency Directive,Segment-Specific
P-S001,Supply Chain,Ingredient shortage / single-source dependency,ALL,2,5,Supplier risk AI + alternative sourcing intelligence,All German F&B processors — COVID example,€100K–10M (halt),"LkSG, CSRD Scope 3",Universal
P-S002,Supply Chain,Agricultural commodity price volatility,ALL,2,4,Commodity price forecasting AI,All German food manufacturers,€500K–10M (margin),—,Universal
P-S003,Supply Chain,Supplier ESG non-compliance (LkSG risk),ALL,"2,3",5,Supplier ESG AI + NLP contract audit,"All German F&B with >1,000 employees",€50K–5M (fines),LkSG Germany 2023 — BAFA enforcement,Regulatory
P-S004,Supply Chain,Demand forecast error >15% MAPE,ALL,12,5,Demand forecasting ML + external signal AI,"Dr. Oetker, Frosta, German packaged food companies",€100K–3M,Retailer OTIF compliance penalties,Universal
P-S005,Supply Chain,Promotional demand spike not captured in forecast,"4,6,8,9",12,4,Promo uplift AI + causal ML,"German confectionery at Christmas, beer promotions",€50K–1M,—,Universal
P-S007,Supply Chain,Cold chain temperature excursion during transport,"1,2,6,7,9","9,11",5,Cold chain IoT AI + deviation alerting,German dairy and meat distributors,€50K–2M (product loss),EU Temp Reg 2001/89,Universal
P-S008,Supply Chain,Incomplete Tier 2 supplier visibility,ALL,"2,3",4,Supplier graph AI + blockchain traceability,"All German F&B >1,000 employees",€50K–500K (compliance),"LkSG, CSRD Scope 3",Regulatory
P-S009,Supply Chain,Milk price volatility impacting dairy margin,1,2,4,Milk commodity AI + hedging analytics,All German dairy processors,€500K–5M/yr,EU Milk Market transparency regulation,Segment-Specific
P-S010,Supply Chain,Coffee/cocoa origin certification complexity (EUDR),"11,4","2,14",4,EUDR traceability AI + blockchain + satellite,"German coffee roasters, chocolate manufacturers",€50K–500K (certification),EU EUDR Reg 2023/1115,Regulatory
P-SU01,Sustainability,Energy consumption above sector benchmark,ALL,13,4,Energy monitoring AI + optimisation AI,All German F&B — Südzucker highest energy user,€100K–2M/yr,"EU Energy Efficiency Directive, CSRD",Universal
P-SU02,Sustainability,Water inefficiency in CIP processes,"1,2,9,10","5,13",4,CIP water optimisation AI,"GEA dairy clients, German breweries",€20K–300K/yr,"EU Water Framework Directive, CSRD",Segment-Specific
P-SU03,Sustainability,Excess food waste in production operations,ALL,"5,13",5,Food waste analytics AI,All German F&B — Frosta best practice example,€50K–1M/site/yr,"EU Farm-to-Fork, CSRD waste KPIs",Universal
P-SU04,Sustainability,Distribution food waste from forecast inaccuracy,ALL,12,4,Demand AI + dynamic markdown AI,German grocery supply chain,€100K–5M,"EU Farm-to-Fork, CSRD",Universal
P-SU05,Sustainability,Scope 1+2 emissions not automatically calculated,ALL,"13,15",4,Carbon accounting AI + automated data collection,All German F&B >250 employees,€30K–200K (audit cost),EU CSRD mandatory 2025,Regulatory
P-SU06,Sustainability,Scope 3 supply chain emissions data unavailable,ALL,"2,13",5,Scope 3 analytics AI + supplier emission portal,All German F&B CSRD reporters,€50K–500K (audit risk),EU CSRD + LkSG supply chain,Regulatory
P-SU07,Sustainability,Non-recyclable packaging exceeding EU 2030 targets,ALL,"7,13",4,Packaging design AI + recyclability scoring,All German F&B packaging users,€20K–200K (compliance),EU Packaging Regulation 2024,Regulatory
P-SU08,Sustainability,High methane emissions from livestock supply chain,2,"2,13",4,Scope 3 methane AI + supply chain carbon AI,"Tönnies, PHW Group, Vion Food DE",Carbon pricing exposure + regulatory risk,"EU Methane Regulation 2024, CSRD",Regulatory
P-SU10,Sustainability,Refrigerant leak in cold store (F-Gas compliance),"1,2,6,9",9,4,IoT refrigerant leak detection AI,"German cold store operators, frozen food processors",€10K–200K (fine + product loss),EU F-Gas Regulation (HFC phase-out),Regulatory
P-C001,Compliance,Labelling non-compliance (EU FIR allergen/nutrition),ALL,"7,14",5,NLP label compliance AI + automated EU FIR check,All German packaged food producers,€50K–5M (recall+fine),EU FIR 1169/2011,Regulatory
P-C002,Compliance,Traceability gap — recall execution >4 hours,ALL,14,5,Traceability AI + recall simulation AI,All German F&B processors,€1M–100M (recall+legal),EU Reg 178/2002 Article 19,Regulatory
P-C003,Compliance,HACCP CCP deviation not detected in real-time,"2,1,4,7","5,8",5,HACCP IoT AI + real-time CCP monitoring,German meat and dairy processors,€100K–5M (recall+fine),"EU Reg 852/2004, HACCP, IFS Food",Regulatory
P-C004,Compliance,IFS Food / BRC audit non-conformance increasing,ALL,"8,14",4,Audit preparation AI + NLP document review AI,All German food manufacturers,€50K–300K (audit+remediation),"IFS Food 8, BRC Global Standard",Regulatory
P-C005,Compliance,EU AI Act — deployed AI systems not risk-classified,ALL,"14,15",3,EU AI Act compliance audit AI + risk classification,All German companies using AI in production,€30K–100K (compliance audit),EU AI Act 2024 — high-risk classification,Regulatory
P-C006,Compliance,CSRD report not ready for mandatory filing deadline,ALL,"13,15",5,CSRD reporting automation AI,All German F&B >250 employees,€100K–1M (audit+fine risk),EU CSRD Directive 2022/2464,Regulatory
P-C007,Compliance,LkSG Tier 1 supplier due diligence gaps,ALL,"2,3",5,Supplier ESG AI + NLP contract audit,"All German F&B >1,000 employees",€50K–5M (fines up to 2% turnover),LkSG Germany 2023,Regulatory
P-C008,Compliance,EU Deforestation (EUDR) supply chain non-compliance,"11,4,13","2,14",4,EUDR traceability AI + blockchain + satellite,"German coffee, chocolate, palm oil users",€50K–500K + market access loss,EU EUDR Reg 2023/1115,Regulatory
P-C009,Compliance,Digital Product Passport (DPP) readiness gap,ALL,"7,14",3,Digital Product Passport AI generation + traceability,All German F&B packaging companies,€30K–200K (compliance investment),EU SUPPR Regulation DPP mandate 2026–27,Regulatory
P-L001,Logistics,Cold store temperature excursion,"1,2,6,7,9",9,5,Cold chain IoT AI + refrigeration monitoring AI,"German cold store operators, frozen food warehouses",€50K–2M,"EU Cold Chain Reg, GDP",Universal
P-L002,Logistics,Carrier performance variability impacting OTIF,ALL,11,4,Carrier performance AI + dynamic routing,All German F&B distributors,€20K–200K,Retailer OTIF compliance,Universal
P-L003,Logistics,Transport Scope 3 emissions not tracked per shipment,ALL,"11,13",3,Carbon logistics AI + route emissions calculator,All German F&B with CSRD obligations,€20K–100K (reporting gap),CSRD Scope 3 transport emissions,Regulatory
P-L004,Logistics,Last-mile cold chain failure (online grocery),"1,2,6,7,9",11,4,Last-mile cold AI + route optimisation AI,"Bofrost, Picnic Germany, HelloFresh",€10K–200K,EU cold chain regulations,Universal
P-I001,Inventory,Overstocking causing capital waste and expiry write-off,ALL,10,4,Smart inventory AI + demand integration,All German food manufacturers,€100K–2M/yr,EU FEFO requirements,Universal
P-I002,Inventory,Stockout causing lost sales and OTIF penalty,ALL,"10,12",4,Demand forecasting AI + safety stock AI,German packaged food retailers,€50K–1M,Retailer OTIF compliance,Universal
P-I003,Inventory,FEFO compliance failure in frozen/chilled storage,"1,6,7","9,10",4,FEFO inventory AI + WMS integration,"German frozen food warehouses, dairy cold store",€10K–100K,EU FEFO food safety,Regulatory
P-I004,Inventory,Warehouse slotting inefficiency — high picking cost,ALL,10,3,AI warehouse slotting optimisation,German F&B distribution centres,€10K–80K/yr,—,Universal
P-PK01,Packaging,Packaging material waste from format changeover,ALL,7,4,Packaging changeover AI + format optimisation,All German packaged food producers,€5K–50K/day,EU Packaging minimisation targets,Universal
P-PK02,Packaging,Excessive primary packaging weight (vs EU 2030),ALL,"7,13",3,Packaging design AI + recyclability scoring AI,All German F&B packaging users,€10K–100K (compliance),EU Packaging Regulation 2024,Regulatory
P-PK04,Packaging,Secondary packaging damage during distribution,ALL,11,3,Vision AI + IoT damage detection,German food distributors,€10K–100K (returns),—,Universal
P-W001,Workforce,Labour shortages on production lines,ALL,"5,7",5,Cobots + workforce scheduling AI,All German F&B — structural demographic challenge,€100K–2M/yr (overtime+recruitment),German Arbeitszeitgesetz,Universal
P-W002,Workforce,High staff turnover in meat processing operations,2,5,4,AI skills matching + workforce analytics,German meat processing sector — high turnover known,€50K–500K/yr (training),—,Segment-Specific
P-W003,Workforce,Operator skill gaps with new AI-equipped machinery,ALL,"5,6",3,AI operator copilot (GenAI assistants),All German factories adopting new AI equipment,€20K–200K/yr (errors+waste),EU AI Act (AI in workplace transparency),Universal
P-W004,Workforce,Shift scheduling inefficiency causing overtime,ALL,"5,6",4,Workforce scheduling optimisation AI,All German F&B manufacturers,€30K–200K/yr (overtime),German Arbeitszeitgesetz,Universal
P-E001,Enterprise,ERP and OT/IT data silos preventing AI scale-up,ALL,15,4,AI data integration + master data quality AI,All German F&B undertaking AI transformation,€100K–1M (integration cost),GDPR data governance,Universal
P-E002,Enterprise,Manual CSRD/ESG reporting consuming excessive resource,ALL,"15,13",4,CSRD reporting automation AI,All German F&B >250 employees,€100K–500K/yr,EU CSRD mandatory 2025,Regulatory
P-E003,Enterprise,Procurement spend analytics blind spots,ALL,"2,15",3,Spend analytics AI + procurement intelligence,All German F&B procurement teams,€500K–5M (missed savings),—,Universal
P-E004,Enterprise,Slow new product development cycle,"1,4,9,10,14,15",1,3,GenAI for product development + simulation AI,German ingredient and packaged food R&D teams,€500K–5M (TTM cost),"EU Novel Food, national standards",Universal
P-AP01,AI Platform,Inability to evaluate AI vendor maturity objectively,ALL,15,5,AI maturity scoring engine + vendor intelligence SaaS,All German F&B companies evaluating AI,€50K–500K (wrong vendor selection),EU AI Act (AI procurement due diligence),Platform
P-AP02,AI Platform,No benchmark for AI ROI in own F&B segment,ALL,15,5,ROI benchmark database + SaaS intelligence,All German F&B AI buyers,€500K–10M (poor AI investment),—,Platform
P-AP03,AI Platform,Regulatory intelligence gap — EU food + AI law changes,ALL,"14,15",5,LLM regulatory monitoring AI + alerts,All German F&B companies,€50K–1M (non-compliance risk),"EU AI Act, CSRD, LkSG, EU food law",Platform
P-AP04,AI Platform,Fragmented vendor landscape with no structured map,ALL,15,5,AI vendor intelligence SaaS (this platform),All German F&B AI evaluators,€50K–500K (evaluation cost),—,Platform
P-Q013,Quality,Acrylamide formation above EU limits in baked/fried,"4,5,12","5,8,14",4,Process temperature AI + acrylamide prediction ML,"German bakeries, crisp producers, snack manufacturers",€50K–500K (recall),EU Acrylamide Regulation 2017/2158,Regulatory
P-SU11,Sustainability,Wastewater treatment cost from high-organic effluent,"1,2,10","5,13",3,Wastewater AI + organic load prediction,"German dairies, breweries, meat processors",€50K–500K/yr,EU Water Framework Directive,Segment-Specific
P-I005,Inventory,Near-expiry product write-off in dairy/bakery,"1,4,6,7",10,4,Dynamic markdown AI + waste prediction AI,"German dairy, bakery, RTE producers",€50K–500K/yr,EU FEFO requirements,Universal
P-W005,Workforce,Knowledge loss from retiring experienced operators,ALL,"5,8",3,Knowledge capture AI + GenAI copilot,All German F&B — demographic challenge,€50K–500K/yr (quality+safety risk),—,Universal
